"","FIXED.ASSETS","CURRENT.ASSETS","TREASURY","UNCOMMITTED.FUNDS","PAID.UP.CAPITAL","SHORT.TERM.DEBT","SALES","LABOR.COSTS","DEPRECIATION","OPERATING.PROFIT","FINANCIAL.OUTCOME","GROSS.PROFIT","NET.PROFIT"
"1",0,0,6670,112349,37500,183077,507061,60067,9006,27560,-18931,9218,6338
"2",0,6643,1892,-12126,500,13872,44727,5090,0,-770,-60,-830,-830
"3",0,43279,6863,29125,34000,14154,92922,8583,0,-6434,706,-5727,-5727
"4",0,98448,1,2712,500,94684,665156,2663,0,3658,-6625,-944,-685
"5",0,134917,11368,19893,10000,40669,86020,27054,0,27468,-25480,2580,1496
"6",0,162855,507,117733,30000,35180,297633,35086,19110,15194,725,16450,10692
"7",0,170531,2274,-6118,500,176649,378474,5105,0,5688,-13442,-7753,-7753
"8",62,1389,97,1049,500,402,7849,2376,0,243,-9,234,152
"9",78,26613,3490,13242,10000,20948,3430,3112,8,103,281,664,432
"10",91,183865,22670,34555,10000,149402,637815,4085,0,8504,0,3117,1955
"11",140,10225,5281,2050,500,8314,371017,5597,0,546,500,1047,857
"12",142,75370,28605,55605,4000,19907,233917,179835,381,9704,999,10703,6957
"13",200,54989,25592,16084,6000,39105,139150,122103,210,1597,1218,1203,782
"14",224,31228,6951,20331,4000,11120,74373,4784,577,5115,89,5205,3307
"15",237,714,1,212,90,739,1857,201,7,64,-43,-5,-14
"16",249,65547,20558,50769,48000,15027,339469,3548,110,-1565,2165,600,390
"17",310,195474,38990,31160,10000,164623,441054,23564,0,6946,-5028,1947,1272
"18",323,63115,4916,54986,15000,8452,125582,18524,183,3884,-2741,1142,742
"19",391,24611,1355,4324,1000,20678,380017,591,53,4750,-3563,1178,771
"20",408,29619,775,5395,500,21333,233756,14679,372,2873,-2817,263,107
"21",435,7807,7878,831,10000,7411,224768,23275,214,3947,-3353,594,386
"22",436,31314,2317,23651,16000,7579,69645,4357,141,878,-387,491,319
"23",465,354505,17608,42964,10000,229572,116295,0,362,-593,-11552,-12615,-8200
"24",474,40515,736,3074,500,37915,46159,377,692,11871,-1324,10682,7141
"25",684,16787,0,6303,6000,11167,116534,4253,805,3603,-1013,2589,1683
"26",893,10819,10106,6474,10000,4853,77844,10487,37,39,15,2822,1834
"27",905,52413,1038,24818,6000,28500,143403,11578,308,-4965,-212,-5074,-5074
"28",989,45102,1369,17772,30000,28320,84497,11363,453,12563,30,12866,12866
"29",1000,615990,124,-515464,10000,687142,2045712,1338127,0,-45996,-18660,26007,26007
"30",1013,1263,-12228,-10106,500,4638,34752,3290,92,-2101,-983,-3045,-3005
"31",1048,33783,12934,22042,10000,15789,378108,29709,559,5999,-4882,1116,726
"32",1062,18946,19649,5268,2000,14740,31969,14408,301,112,1336,1448,963
"33",1120,83212,2727,53973,15000,10859,8317,3615,307,1539,75,1614,1049
"34",1128,49746,584,9495,500,34103,100068,62352,271,1065,-3179,-2114,-2114
"35",1306,45305,12553,36218,725,10393,96500,21473,3118,10932,838,11771,7651
"36",1307,12761,469,1381,10000,12687,210422,5293,0,-8155,-145,-8281,-6481
"37",1327,75294,30101,49158,10000,27463,133921,13424,248,4436,2819,7855,5134
"38",1381,38433,20625,39598,36500,216,600266,4758,388,-456,1072,615,448
"39",1426,43934,3647,11229,10000,11931,100932,8865,286,2566,-3573,-1006,-654
"40",1428,42005,963,26821,19260,16612,96499,12566,311,1620,-58,1561,1561
"41",1465,369131,1721,79189,140000,18128,94412,351,400,14395,-32081,-17643,-17643
"42",1489,68099,30,-26447,2000,71036,3773,17177,0,-14777,-28,-14806,-14806
"43",1490,188830,25095,16466,2000,173854,726488,37010,497,8120,-2574,5546,3642
"44",1496,39567,81,4023,15000,22686,166380,20050,631,2762,-2555,207,134
"45",1747,22079,9403,9526,10000,14300,130326,10037,183,-1300,-242,-1542,-1520
"46",1784,322333,11200,38217,10392,80751,130349,12034,128,11187,-24580,-13393,-8750
"47",1816,102019,6404,33755,12000,70079,141827,23987,684,2004,-15,5584,3647
"48",1835,88524,374,4639,500,85720,135138,10738,0,4926,-4514,411,411
"49",1968,81069,1606,19452,11000,63585,136766,17006,569,7843,-6960,882,882
"50",2045,21484,7253,18694,2000,4359,127285,15007,251,3287,83,3253,1991
"51",2090,33917,2324,10031,1000,25975,112162,16746,780,1057,-866,147,95
"52",2126,35771,1509,11687,7000,26199,118270,12044,465,606,-799,-193,-125
"53",2136,7906,4040,9686,7000,356,49335,4414,608,452,0,452,312
"54",2402,49630,310,33617,32000,18495,70200,3959,787,-360,1301,992,992
"55",2429,207875,83,31867,23000,162415,292284,28000,817,14289,-12682,1953,1269
"56",2538,17093,2662,6273,1000,12092,157843,6297,622,-2100,-888,-2988,-1028
"57",2567,117238,671,14095,7850,105710,310463,9161,905,1607,-4338,-2700,-1755
"58",2739,23350,0,14778,10000,11310,99855,7822,618,2509,488,2985,1940
"59",2809,89592,13926,14141,10000,46803,90834,9553,157,5701,-4298,1402,911
"60",2830,30250,5922,6424,3000,26657,133264,22891,1789,4305,1941,2364,2364
"61",2860,68515,1442,13120,2000,58254,207609,5835,579,2917,-2956,-2956,-1921
"62",2871,48713,9856,39106,1500,10393,96519,19928,1561,3239,844,4052,2633
"63",2885,158347,16306,48499,10000,90529,289985,59491,1526,-10360,-950,2011,1307
"64",3062,70586,465,6832,10000,66816,141618,45310,184,-607,-7615,141,141
"65",3243,98781,34576,31758,20000,70266,204889,10628,859,11448,1984,13600,10127
"66",3274,67444,2216,15834,2000,44884,113000,19826,1135,8773,-6830,1852,1180
"67",3452,53685,1252,20658,3000,35581,86259,31731,1887,13633,-3478,2823,2823
"68",3487,134897,695,62728,10000,75656,352846,35952,1311,27396,-5091,22389,14552
"69",3506,42499,23167,29732,6500,16273,52310,10444,107,1801,1711,3512,2342
"70",3514,101242,7152,28771,15000,18302,127663,26272,626,-2003,-5661,1723,1163
"71",3543,28253,2389,9413,1500,3304,159372,7847,985,4052,-3754,298,193
"72",3544,35812,81,8967,500,30389,135055,5176,697,1411,-802,1218,759
"73",3647,0,0,-1142,500,4789,46891,16756,6,-3644,-2039,-5684,-5684
"74",3787,24615,985,10859,5000,17070,81321,14588,740,-15,-137,250,182
"75",3819,107416,1400,27300,15000,70662,168561,8741,572,8567,-6658,1909,1240
"76",3822,39864,3993,3595,1000,38396,143473,16937,1404,1366,-1103,262,184
"77",3879,74501,91,26123,3000,52257,215208,8169,599,4920,-2622,2862,1903
"78",3974,117178,13040,13318,1000,107834,245535,11593,544,473,733,1207,933
"79",3989,66278,0,38448,6000,31820,206097,11143,1492,7220,-3970,3221,2197
"80",4026,25706,2524,-8034,500,21815,45684,21898,769,9764,-5833,3896,3968
"81",4156,25287,10455,14652,10000,13170,85493,10972,1085,204,130,253,91
"82",4199,105431,477,25499,10000,81631,130327,20422,780,-3734,-4555,1815,1180
"83",4268,130077,1067,21735,20000,111994,235578,16247,347,5740,-3344,2705,1758
"84",4271,33161,3098,27291,11040,10081,164324,11025,2157,-2920,-175,-3095,-1798
"85",4406,15050,5078,12083,3000,7373,163078,15785,1044,979,290,1305,863
"86",4446,63931,30595,23258,10000,44583,323728,14956,745,16533,1419,17952,11669
"87",4485,99270,23063,62109,15000,41646,106052,18477,329,2389,1727,4157,2702
"88",4527,37601,213,13616,4000,28512,69515,28950,2186,2750,-830,1970,1280
"89",4557,65854,4031,26133,20000,42686,177734,8053,1426,1138,-4290,2415,1569
"90",4619,58631,5451,61411,10750,1838,879764,9415,898,8114,2207,10321,7444
"91",4621,22016,7628,10653,6750,13190,158049,10753,851,1269,-1,1268,922
"92",4924,77187,21008,52500,10000,28233,115199,21666,308,27685,25246,31565,31501
"93",4970,249351,8843,105833,20000,148488,640399,102980,1532,26591,-5119,21626,14126
"94",4994,75564,18550,11151,4500,66053,429374,29405,2099,5321,-161,5159,3688
"95",5096,102315,4193,6743,5900,97396,214988,55340,1619,7166,-9293,-2111,-1372
"96",5129,11476,356,6237,500,7440,45741,6220,1145,2284,-976,1308,905
"97",5164,35901,2253,13363,10000,19790,132001,57657,697,5040,-1379,3100,2424
"98",5167,61695,2760,24792,10000,41743,103927,29250,1182,540,-829,402,261
"99",5248,280922,16840,88437,85000,197733,381445,39806,1527,11073,-3777,7296,6450
"100",5265,119838,12076,29416,10000,74042,292642,26615,787,4750,-5253,677,440
"101",5357,48154,3381,13530,1000,39346,162586,11699,1255,1594,-1722,818,576
"102",5392,86303,6919,-23911,1000,110556,111411,4051,0,-16162,-7407,-23570,-23570
"103",5465,36284,1686,19699,8500,20448,120047,21083,852,14102,-9697,4408,2873
"104",5521,9629,3159,-6214,1000,21366,95508,7070,1428,-2714,-11,-1274,-2726
"105",5586,25286,5580,854,6000,24680,108395,5867,724,310,-334,833,541
"106",5626,31326,3161,17903,10000,19050,225082,20027,3426,518,-360,137,-9
"107",5629,23376,4397,1484,500,27422,87207,17414,1554,2656,-2303,-146,-303
"108",5949,106864,13230,31685,10000,81129,290226,46004,1456,20626,-4652,16371,10341
"109",5969,62544,3484,32815,20000,35699,93308,17547,908,2760,-1296,1464,951
"110",6008,30638,216,-6188,500,34379,9002,0,520,5018,-1306,-6665,-4332
"111",6039,115482,5069,23942,2000,97580,357815,4490,1368,7919,787,8806,7463
"112",6068,37592,421,769,500,13403,156250,23758,567,6012,-5626,442,420
"113",6088,241993,11578,51616,10000,196388,383955,66326,1524,7442,1989,9623,6298
"114",6105,33571,5587,32512,10200,13385,353398,13987,1686,2004,528,1506,979
"115",6133,172511,5248,40305,10000,67472,406193,8461,971,8221,-3213,7323,4883
"116",6300,101096,20413,20382,10000,89688,434426,90438,1433,31780,-26631,5862,3881
"117",6352,111904,10663,59520,15000,58736,337812,27082,1692,7864,-6560,1325,945
"118",6476,28231,-188,10392,500,12345,85976,36610,876,-510,-4407,-4590,-4590
"119",6484,11593,3666,9060,3250,9017,113528,10826,701,-184,219,52,33
"120",6499,13798,2489,4323,5000,15975,105504,13182,845,-3427,1299,-2127,-1382
"121",6511,155310,47227,1447,3000,159374,547947,20320,1346,6919,-753,6166,4008
"122",6579,40307,-6699,17845,2200,29041,96392,44383,558,1583,-219,1363,886
"123",6673,177992,-32350,42587,24000,142078,309339,63979,2445,-1998,-9374,-369,-240
"124",6678,88449,265,66341,10100,28786,90060,32632,902,-14692,-604,-15422,-15422
"125",6756,216535,39820,36423,10000,185708,307478,30231,3114,13909,-14605,4058,2638
"126",6779,28325,7294,-11033,1000,46313,377912,17223,1741,29,-831,-983,-1014
"127",6787,69354,5708,18877,10000,35412,192153,20546,1318,1268,-4066,-2739,-1792
"128",6807,68633,15501,43668,12000,31648,136223,33682,966,10178,-292,9902,6436
"129",6814,93883,4698,20381,10000,80525,542260,24366,2215,4267,-1921,2346,1433
"130",6894,38237,2634,8783,1000,33147,125440,8661,928,5877,-4194,1941,1262
"131",6936,107094,43974,79894,10000,34136,419022,65033,2183,12605,6200,19820,12910
"132",7000,92780,2433,29448,6000,49963,27024,12090,1204,-7822,2936,10,-8
"133",7008,68469,11143,24641,10000,54427,277754,14282,1718,3672,1,3670,2402
"134",7103,66752,48,7264,1000,54785,187649,16303,1997,3393,-2182,1480,1070
"135",7153,70447,2271,28397,10000,49202,206025,28300,548,6608,-3209,3399,2353
"136",7175,91518,6538,26117,10000,44098,144060,37838,2262,12969,-12225,743,483
"137",7266,44483,-7199,-35180,2000,86987,39268,2089,0,217,-36,181,181
"138",7302,58643,13735,31775,10080,31440,169471,13779,1213,9394,656,9403,6186
"139",7303,95040,1859,25007,10000,77336,185166,73529,2494,15200,-6020,10332,6715
"140",7389,19915,4140,22898,10000,4407,90905,61258,1478,-699,362,-328,-213
"141",7414,101227,2043,14653,60000,90275,158720,33770,2272,-12976,-2454,-15203,1131
"142",7454,95581,37044,75448,41000,27587,304445,51490,1764,-668,1629,961,614
"143",7479,99012,9709,24523,24210,76213,273646,26568,2468,5506,-6145,454,260
"144",7498,55371,1663,17621,3000,44517,285045,47712,1791,1232,-3849,-2616,-1818
"145",7503,59211,-11461,28236,27570,29220,137569,15882,1171,10705,-3045,7659,4979
"146",7539,35811,27854,17322,11100,14028,32643,21181,950,3378,1391,4769,3218
"147",7567,86093,9845,45187,37000,48473,130977,28477,374,-5408,5617,324,210
"148",7613,34931,559,26667,5025,15390,102601,34856,356,3420,-1370,2206,1310
"149",7746,80296,418,-1423,14340,40579,211542,32541,2416,10931,-9168,3789,2463
"150",7827,112262,18826,41281,28600,73829,161308,15732,1515,2843,-1052,1642,1133
"151",7848,16275,4147,4411,510,17274,97580,23647,2172,3691,-231,2054,1478
"152",7883,30695,4076,1706,800,36872,195803,21329,1259,9323,-8191,968,748
"153",8021,103227,544,8338,15000,101133,132852,20391,2223,6053,-9227,-3223,-3223
"154",8117,241826,14492,126796,15000,123148,115218,57796,3164,25657,13415,39073,25412
"155",8160,92627,25782,33696,10000,54551,319728,247639,1035,13750,-28133,-26236,-30768
"156",8165,80864,14175,22572,10000,65853,293020,17716,2056,9109,8342,7518,4757
"157",8296,80077,1796,33801,12000,32160,106850,20570,2421,3693,-1505,2497,1623
"158",8306,8026,3464,-2593,10000,18925,174534,7623,628,2213,-2104,272,1768
"159",8390,258395,29409,15668,10000,251126,277939,58629,2988,8525,-3184,6140,3991
"160",8390,258395,29409,15668,10000,251126,277939,58629,2988,8525,-3184,6140,3991
"161",8460,38750,60038,-11264,6500,53475,120236,10911,622,-8360,-3524,-11884,-11884
"162",8487,47080,87,13604,7000,26054,53069,40204,993,-562,-5174,-6236,6860
"163",8586,82616,1712,43829,10000,47373,179818,19854,1409,11701,-1420,11538,4896
"164",8642,18841,957,19553,500,7929,2588,0,95,225,272,461,40
"165",8654,37263,4633,23427,10000,22489,85990,21090,2555,3391,-1596,1795,1166
"166",8669,29766,1795,-60,20000,38496,172469,29918,2795,1700,-947,799,519
"167",8692,20549,7969,2959,500,25513,145430,13900,1253,1566,-425,1291,839
"168",8692,91831,-824,15808,10000,82631,282747,26739,1243,7372,-6199,1035,985
"169",8732,42222,2426,20789,10000,14777,81802,69471,2025,2758,-2581,-268,-469
"170",8779,14159,97,12091,10200,15947,77381,50196,831,-5429,-1025,-6454,-4195
"171",8813,76936,24606,5186,2500,61113,181548,18259,654,1282,-6429,-4936,-3208
"172",8819,45722,4180,31209,2000,21990,217748,29524,1417,13564,108,13899,10590
"173",8900,67837,0,2542,34240,47232,2200,1665,0,-1453,-7639,-9092,-5910
"174",8901,69652,61234,35634,10000,42919,224744,34261,1741,6072,-3252,2919,1983
"175",8935,72650,1767,49064,16000,32642,201870,53977,9210,6398,-1398,6062,3940
"176",8957,74163,2325,49353,25000,33767,201322,20087,2801,6443,-3250,4038,2624
"177",9026,383355,16484,78051,32500,214330,1596389,4179,426,31603,-37069,1022,755
"178",9100,242267,9268,52313,50000,199026,878936,46958,2167,5552,-2787,2765,1797
"179",9116,66016,15724,52007,10000,23125,161655,18443,318,23689,2378,26067,17119
"180",9159,146131,12800,32588,12285,127844,235875,37492,1867,3328,-2060,1267,833
"181",9178,25096,-11338,3923,1000,30299,201808,17755,739,3052,-2101,254,254
"182",9200,197169,555,51456,35500,134611,225813,47907,2743,18846,-13227,5622,3739
"183",9225,94401,5980,49040,25000,52231,992905,39846,4124,10154,-5859,4291,2789
"184",9273,55695,4346,26870,24706,38098,115535,28552,1567,5629,-2323,3245,1955
"185",9322,50338,2802,11940,6200,47599,202988,33228,1876,7223,-6339,883,598
"186",9333,32175,8186,10608,500,27380,96192,83524,576,815,-1668,-1607,-1044
"187",9351,59948,82,13193,10000,55138,102623,15879,2459,6758,-6173,1715,1715
"188",9407,54574,3352,4133,1000,26237,193278,33985,2217,13718,-6393,7179,7179
"189",9480,103342,3785,32834,12370,78564,331231,24070,1670,7575,-5206,2367,1613
"190",9486,0,26914,20201,500,50604,825168,54855,921,14221,10396,24618,16071
"191",9653,187990,-2098,47149,25000,146559,295086,58763,2043,6084,-3380,-1037,-2510
"192",9755,49779,29801,43433,15000,16101,95469,20277,899,2738,-425,2631,1896
"193",9833,116774,10899,21696,4500,104775,223687,76032,4350,23358,-19502,1964,758
"194",10047,73452,5442,59788,48000,23712,159558,25176,1497,6053,-5522,530,344
"195",10128,54496,1597,4317,36000,60307,146725,23892,2273,2771,-8433,-5662,-5662
"196",10172,89086,47035,68957,3500,25518,162998,36078,2072,18219,1523,19701,12922
"197",10241,373503,27230,122521,10000,261223,1258514,21701,681,47980,10230,58506,38103
"198",10251,9606,1673,3463,4000,10571,157390,24768,1066,2550,-2676,-125,-125
"199",10251,110882,8635,31245,10000,89888,145666,21119,3323,12949,-6836,6113,4021
"200",10377,52539,27761,49977,15000,12940,102619,20147,1349,845,2070,2772,2086
"201",10510,27550,359,16576,10000,20107,147019,43804,1442,1729,-2055,572,388
"202",10510,69010,113,4690,10120,59830,86970,34751,0,-2743,-2309,-4189,-1847
"203",10540,20019,4726,6276,6750,15233,48015,26725,1550,-4091,-643,-4308,-4308
"204",10628,14043,7069,12922,10000,11749,126884,5827,499,941,-845,96,62
"205",10702,36084,8035,25107,30000,19826,164477,24861,1285,4091,-2256,2498,1623
"206",10720,155243,-46,13511,10000,152452,266237,57962,0,2052,-1707,334,216
"207",10789,31883,15990,17064,1000,23815,171206,29112,3080,1238,-295,1800,1390
"208",10854,43317,-3496,17322,10000,31865,110107,40121,-119,1486,-1751,24,24
"209",10888,12794,1496,-4053,4000,4535,114883,14174,1425,-3372,-236,-3424,-3424
"210",11255,95798,7479,24020,10000,78489,234802,25972,1380,20865,-2948,18360,11934
"211",11397,72090,8905,60639,10000,17456,159120,24669,2376,2350,694,4002,2878
"212",11423,102844,4129,40735,9000,70250,256184,17650,2620,12170,-1745,10461,6814
"213",11639,195871,-19034,92138,42000,115399,445017,40268,2512,30390,-22856,7602,4991
"214",11649,23020,526,4414,3200,15082,117734,10733,2382,3982,-3538,1001,651
"215",11723,90745,2498,54990,10300,44776,311906,187556,2590,41916,-589,41300,26846
"216",11903,36100,2089,23504,1000,33180,107650,26368,0,5963,-3006,4122,4122
"217",11952,71820,6296,57927,36325,25845,230106,17991,1942,14560,-12698,2007,1304
"218",11963,140016,63,95601,63425,55584,185950,41873,5066,986,-3527,-2541,-2541
"219",12003,161749,23386,104605,50000,69147,664592,30759,5913,8314,-2108,8920,6093
"220",12013,42366,27038,29502,18225,11563,299373,15295,502,2890,-253,2636,1713
"221",12076,30702,499,6619,600,32573,89243,15626,2648,-1166,-1324,-2236,-2236
"222",12505,62908,-9006,29539,10000,45873,367061,20331,5523,4877,-3814,11507,11507
"223",12585,78702,17225,1494,22500,90154,130240,9182,5053,7855,-5274,2580,2387
"224",12671,169046,3182,30118,14000,142764,159173,46700,2962,17122,-17772,-451,-526
"225",12679,35652,1069,20109,13700,21546,132658,30480,3503,10858,-6890,1524,1925
"226",12760,58319,6820,10113,15200,47097,350212,4416,1647,9292,-6827,2503,834
"227",12876,35238,125,20565,7000,27548,88253,46092,1447,2524,-2072,451,164
"228",12980,239233,24876,31017,10000,221322,460348,46101,1657,22326,-13739,6888,3563
"229",13026,254328,109,53671,50000,213423,419916,86589,1751,29745,-17339,12405,-109
"230",13167,34594,11554,19110,20000,16400,79943,16555,1222,6588,-3992,2479,1611
"231",13167,87298,1517,18559,10000,82058,235042,24295,2185,6748,-6525,1966,1278
"232",13293,22418,15219,29167,10000,6544,155341,34673,2230,-7170,1245,497,497
"233",13293,121520,4377,27344,10000,65811,238081,34386,701,10646,-9830,857,662
"234",13600,38993,7571,28411,15000,22290,155142,19481,907,5150,-1116,4286,3966
"235",13714,22330,1957,12152,500,16324,91614,9677,787,4885,-1763,3122,2404
"236",13810,20719,-7980,12393,10000,17839,90160,28037,517,4546,-6429,-1882,-1882
"237",13828,35718,12579,38426,40000,11148,381496,32675,3592,6796,-412,6493,4875
"238",13914,83699,1725,3795,10000,47847,69396,17740,2904,15751,-8646,7104,7104
"239",13937,100455,-17847,65699,32000,48692,269938,42404,3238,3858,-719,3138,3138
"240",14040,25190,3585,15128,2450,9035,52963,18300,5367,2293,-2113,270,101
"241",14041,40830,22609,34674,10000,20196,224874,16771,4747,-370,1864,1270,857
"242",14079,55656,593,5603,10050,55632,155695,18473,1403,6692,-5777,630,197
"243",14086,72255,5889,8376,10000,77965,147841,19550,59,-7138,-6805,-13864,-9019
"244",14102,198807,3384,60081,67000,155250,332188,50423,2433,30157,-22481,7676,7676
"245",14135,90212,4013,19488,5000,51865,182235,13621,1818,7913,-1133,6794,5033
"246",14282,1880,155,4083,1000,10484,79150,15089,1140,1393,-1009,384,254
"247",14328,34953,3215,6673,1000,32685,327085,10993,1675,3238,-2205,1033,671
"248",14392,281699,5768,82996,35000,211663,488367,110879,2161,22651,-14733,8472,5837
"249",14468,45740,-10563,32166,10050,26943,125062,27746,2027,5198,-2191,3007,1984
"250",14560,66958,1003,53459,10000,20784,138572,101812,1167,8707,-2194,6483,4441
"251",14687,62279,23032,36933,20000,40032,174945,48025,3263,26514,-22045,4495,2922
"252",14732,67712,-3784,36272,5000,40881,175520,55388,1942,10424,-1689,8826,6064
"253",14803,27352,432,5630,1000,36524,266204,69685,1576,11578,-2050,9747,6349
"254",15114,43151,2800,18571,500,39694,107370,19108,1545,-8412,-1120,1120,728
"255",15123,44387,2357,22611,10000,32889,112374,29298,2739,8073,-2194,4548,3511
"256",15161,60571,-31,21857,4800,35500,141452,18169,3391,2957,-4462,-1177,-765
"257",15273,28955,163,17224,10000,26700,109697,32353,5283,2355,-1291,1475,801
"258",15888,23161,4414,17246,4000,19740,187202,17264,1052,6920,-5131,2889,1910
"259",15907,16257,5925,2832,6500,27832,205947,33449,1690,-4078,-581,-4645,-4645
"260",15939,61238,1203,4306,500,72870,13152,14091,752,2770,-2010,719,556
"261",15949,21168,7244,18191,5000,11967,132935,35557,5046,2061,-481,2591,2506
"262",15992,321942,162756,196721,10000,141213,672802,290270,2038,129930,5292,135222,87894
"263",16047,22849,20803,8818,500,30078,198265,75358,1238,2023,3556,3659,1706
"264",16262,40191,14510,31195,13750,25258,195756,10956,3631,3081,2,3147,2296
"265",16288,285486,7347,109660,45000,52428,592751,437625,964,19838,-35048,-15209,-9669
"266",16311,214617,17551,39772,10000,188924,584914,55240,4451,1392,-799,213,138
"267",16448,43006,2932,21606,600,36430,172470,71585,1351,8077,-7559,1517,1067
"268",16474,133748,10809,8398,5000,141824,420203,19911,2763,13742,-11332,1246,1246
"269",16475,29867,2429,25784,10000,21307,194746,15958,1187,751,-593,158,81
"270",16539,26497,-221,2972,15000,21861,52080,14669,0,-1438,-2825,-3662,724
"271",16545,44670,3596,1307,1052,50140,249905,218734,2887,-1766,-6587,-7975,-7470
"272",16588,159714,42535,158706,30000,17595,177803,55077,1878,4891,10143,14456,14456
"273",16675,32102,11097,26948,10000,23330,127841,13126,1669,-3215,89,-1088,-720
"274",16678,33358,17659,12781,10000,22253,121665,11209,1044,4140,-2352,1788,1162
"275",16716,74276,9427,-4499,30000,92997,493296,35900,2157,-238,43,-194,-194
"276",16716,112533,19535,42887,10000,86361,332694,44750,2497,12096,-893,11202,7809
"277",16757,204687,58776,85301,10000,136144,452094,52056,2167,6677,986,10351,6973
"278",16883,66753,5619,11057,8000,53376,163299,22171,398,-301,-4012,-3198,-2078
"279",17034,117533,47632,82182,11000,37121,219107,147666,4332,12734,6948,16850,8832
"280",17051,19689,2519,9147,10000,16239,69520,6604,2428,3939,-2556,1560,1014
"281",17064,91464,1599,40259,12000,50559,43079,19303,1732,-5652,-3979,-9380,-9380
"282",17109,33231,20556,48495,10800,5895,88567,47133,2880,4183,1366,5550,3694
"283",17286,14018,-23788,11564,10000,15175,107268,16837,0,2058,-5033,-5033,-3271
"284",17381,224043,47884,37060,10000,206864,694184,39965,3748,28982,-20340,8642,6416
"285",17508,47062,4124,5519,3000,27442,221368,30334,1941,680,-4267,-783,-783
"286",17544,30393,0,20621,20080,14715,197178,6655,2734,3077,-1602,1444,1444
"287",17581,70335,4345,64224,17250,23897,108991,30483,3600,11921,1652,13700,9547
"288",17638,91209,22703,33661,25000,73890,276228,32936,9009,5972,-357,-2466,-2466
"289",17675,124873,33564,76942,30000,65511,338705,32701,2540,31417,1966,34556,22554
"290",17727,169163,10121,62653,42600,122540,291192,50158,2125,21750,-5048,17756,12241
"291",17762,236623,10611,111874,40000,116346,591131,40706,1945,16768,-751,14965,10040
"292",17773,35221,6185,24039,4000,26611,309316,17087,2978,4674,-575,3999,2599
"293",17981,69591,29599,32369,2000,48558,160656,14034,845,3964,945,6313,3885
"294",18136,53319,758,15215,14000,47030,234727,10760,2952,2575,-3046,1041,980
"295",18181,136542,3256,41867,10000,114836,279489,100845,3933,7975,-5181,3293,2300
"296",18194,117133,873,18294,10000,32736,257072,10841,3261,4634,-5220,-229,-229
"297",18241,173471,6248,57835,10000,138230,308178,76324,5752,10279,-6259,3870,2600
"298",18270,28812,369,23631,10000,23395,348520,7106,1558,-620,-945,-1565,-1017
"299",18299,293922,4515,14873,10000,297348,631584,48453,3198,23453,-21390,2615,1700
"300",18388,36085,14018,35108,10000,19208,106910,32176,3719,2851,17,2953,2003
"301",18436,242510,9941,142930,25000,118017,361814,36398,2781,21317,-4509,17347,11913
"302",18496,44916,6493,-9034,500,57845,48341,14288,2438,2636,-2511,223,223
"303",18613,51187,1099,30275,12600,36738,134712,14723,2984,7137,-2257,4892,3347
"304",18636,73795,9810,49865,3000,35566,148421,60850,5377,4390,-2459,1931,1491
"305",18707,47127,11478,6622,3000,40903,302770,9677,4483,4047,-1354,2692,1873
"306",18725,64438,20,3519,3000,79644,222903,24197,3708,10256,-8324,1931,1338
"307",18887,64409,782,11867,1000,51911,41034,19644,131,873,-932,-5486,-5486
"308",18969,17401,2537,11146,500,19587,152861,15110,3162,662,-1357,-694,-694
"309",19007,197967,6358,33736,45000,131214,324383,97009,6268,28935,-9960,20735,20735
"310",19035,85576,15494,48127,10000,55549,218520,29218,2925,8562,-409,8153,5299
"311",19158,60227,-15069,33195,40500,46190,448009,22431,2885,-3356,-2608,-6482,-6852
"312",19224,74605,10541,22001,10000,53697,339786,17440,2153,3728,-2059,1188,809
"313",19292,66552,4003,33228,11250,48304,422926,18738,3461,6120,-1059,5500,3565
"314",19430,50634,3336,18573,10000,30858,198830,24788,3045,12741,-10408,3008,2307
"315",19464,188368,18547,76700,10000,131132,929080,52601,4173,13971,-7471,6499,4388
"316",19534,89023,1097,-7229,10000,114663,87205,32880,3178,-6564,-2760,-10325,-10325
"317",19575,208677,2898,2942,10000,188219,184063,36167,0,4602,-15318,-11064,-7191
"318",19762,177435,35581,52864,30000,144333,1059859,83436,4044,6063,-5181,772,597
"319",19846,118109,15849,6721,50717,203644,293779,27578,1372,8802,-5559,3307,36535
"320",19922,111544,11856,10193,10000,120149,315945,23550,1624,16250,-8268,8170,8170
"321",19964,65250,36733,31646,10000,45053,115367,8156,1366,741,-1429,-2170,-1410
"322",20019,144386,1544,36166,10000,131707,242623,40836,2279,346,-7321,4217,3136
"323",20121,414771,2683,72176,16000,359274,683923,27192,3650,12612,-30848,11696,8219
"324",20163,94214,45088,30937,10000,40836,81020,29355,2125,24811,-69,14835,9486
"325",20517,22734,1007,13429,10000,5350,62571,12161,1572,8606,-612,7994,7800
"326",20648,98620,2960,-684,3000,63338,80566,30968,1140,-7174,-11058,762,713
"327",20717,68007,-10421,36888,20000,47585,117636,13188,4451,8309,-4329,5076,4778
"328",20817,59508,8194,32837,20000,47488,149775,18656,1608,-2012,349,-1731,-1731
"329",20920,170466,75995,171266,10000,19358,210542,68666,7389,27667,7551,35342,24033
"330",21164,200508,12981,151811,83110,69862,362780,41494,3120,12855,1110,13965,9102
"331",21240,72884,11327,20994,2000,69968,367890,20921,3864,5046,3091,8138,5615
"332",21343,45744,8067,35428,10000,30830,275533,61639,4164,3822,-346,3072,2012
"333",21344,44744,11475,15472,16500,40218,342686,21545,3124,2564,-1307,3790,2463
"334",21348,79616,1180,55499,10000,39558,9689,0,1323,-7697,-3472,-21647,-21647
"335",21465,44093,3374,35164,31550,30394,146469,38359,2274,-16280,-2820,23258,15051
"336",21577,128170,19762,35545,10000,112408,240258,51196,3764,11049,6847,2957,1807
"337",21692,156392,44281,104005,80000,70924,381518,67692,6559,14891,-2211,12720,8460
"338",21781,20141,1600,6456,10000,25457,106155,10788,2321,-95,-2937,-1445,-939
"339",21832,123317,3265,41495,25000,78654,258567,96735,964,-32360,-5788,2930,1904
"340",21925,90600,5364,72115,3000,38960,132051,49951,1897,-2659,118,-2407,-1197
"341",21950,230687,31,31566,2000,40955,269717,52607,1939,23738,-17593,10436,6521
"342",22071,203460,1197,45966,10000,183149,465202,57756,1988,15551,-15018,532,411
"343",22225,97210,6259,35085,8100,83473,316849,23834,1758,12350,-7188,5162,3395
"344",22229,128873,-27781,29282,3000,121820,1110812,3253,1223,23960,-2298,21661,14097
"345",22272,49480,17471,10876,540,49548,155346,22578,2989,8271,-4073,4175,3203
"346",22319,33775,4711,106,10000,53426,211062,13910,1004,3849,-3237,612,398
"347",22328,55795,9568,29873,1500,39101,161217,21054,5640,12448,-881,11683,7706
"348",22388,140011,22594,68040,17035,92768,309149,36814,21875,-4309,1789,8454,5342
"349",22452,79381,5442,979,11000,85051,108058,35362,4715,-9766,-13767,-22392,-14554
"350",23388,51858,2102,2631,10000,58912,162338,41889,1498,-8853,-1616,-10469,-6805
"351",23541,155821,54301,95517,10005,83845,520086,27105,459,19215,8183,27399,17894
"352",23706,522208,49871,123090,30370,354155,456630,44607,3726,18679,-23126,3671,2563
"353",23724,201768,68937,100333,38000,125158,541049,37286,2212,-1863,14409,11534,7712
"354",23771,79492,5255,10109,1000,84574,133910,62455,1974,10699,-9026,1713,1113
"355",23827,341389,24901,23908,10000,339808,345832,36360,4855,9827,-11221,4469,2164
"356",23970,85975,13020,45881,32300,64064,2963884,22828,0,5056,-3899,1157,1157
"357",24104,81262,-27964,61638,10000,23496,152541,25550,3231,10412,-7919,6371,4325
"358",24291,69945,28681,30052,30000,64184,363487,24820,4549,24237,-3506,4582,4582
"359",24327,237268,11885,28126,16000,212403,134785,20608,3277,10367,-7397,2970,2190
"360",24507,28049,11232,-1553,12200,33857,99279,43696,2257,19609,-5242,14353,14353
"361",24586,64644,-6636,30273,10000,43874,153548,38795,2204,6692,-3898,-3598,-1119
"362",24928,138548,14325,23479,4500,127448,434031,21511,2858,10142,-5974,1098,905
"363",25105,100177,1674,33019,22050,92262,177518,58601,3810,3703,-9568,-8514,-9597
"364",25227,54780,4116,7788,5000,46854,133731,35097,2957,7290,-5896,1474,949
"365",25387,262327,62954,141787,85000,143049,517061,65991,6149,18397,1903,21291,13840
"366",25731,26464,2324,16800,16000,26893,78948,9452,906,1413,-441,971,631
"367",25864,135027,69814,30300,10000,133930,495375,43039,3581,14996,-8107,6888,4477
"368",26134,137563,2375,47439,33000,116258,567711,274549,5347,11317,-1707,9609,6595
"369",26259,76616,8885,16612,10000,61264,155290,21643,2942,11183,-8857,380,-82
"370",26372,97580,31638,27268,10000,93408,379280,86492,4978,14929,-5186,9526,7026
"371",26789,200252,19599,139335,10200,87705,495111,96760,4708,-29088,29617,528,538
"372",26978,112390,11271,98729,50000,40639,209870,18237,2930,5843,762,6606,4371
"373",27145,30005,0,-115,11400,45651,203285,7404,0,-8108,215,-7893,-7893
"374",27188,142330,3030,104106,44000,63014,402218,49523,5409,3539,9,3561,2519
"375",27204,108733,72,-24138,2000,144834,412910,21866,4390,10546,-5033,5329,5329
"376",27852,111818,16196,95637,7100,43001,243574,121997,3916,24526,-191,24437,15922
"377",28039,54811,1670,-69864,46000,142496,106807,14055,586,-21344,-11437,-32782,-32782
"378",28060,116470,3535,125277,100000,19254,141342,16096,737,6829,-1562,5267,3235
"379",28118,40531,1365,28258,10000,31420,163907,21065,4269,14275,-10530,3745,2687
"380",28355,41814,4581,11477,11500,42438,225594,20616,3543,865,-4393,-2469,-492
"381",28582,86537,4544,29300,18000,74141,214456,27649,2895,8909,-7961,1125,1125
"382",28606,37971,5538,3984,3500,31658,101222,8477,1387,-146,171,24,24
"383",28716,79251,2978,55988,20000,27918,526823,17462,10676,4702,-3641,4483,2914
"384",28962,171001,27029,50670,21900,123903,306522,48021,1451,17602,-11729,5736,3728
"385",29044,214347,68087,36846,10000,201466,654845,31778,5668,19225,-3000,16225,10221
"386",29189,19144,9662,18431,2000,21114,227123,26063,924,7001,-568,6433,4596
"387",29367,30873,590,-247,10000,50617,106817,13780,500,9101,-5762,4427,4427
"388",29591,266037,-792,44884,17000,236421,1106446,28289,3363,37582,-31908,5698,4994
"389",29755,121503,2299,107352,32000,41076,240563,97331,4168,-499,-1299,-1613,-1613
"390",29981,140794,14518,76431,10000,98094,217399,17693,598,3791,2320,6710,4583
"391",30022,90512,381,15407,15000,85260,85110,11000,834,2191,-3834,-1643,-1643
"392",30390,127960,187,8836,2560,92311,124587,25575,2599,20304,-15735,4545,2489
"393",30622,45172,2754,3271,10000,67450,94286,35274,9635,2165,-4534,-3721,-3148
"394",30826,27975,4663,14096,2000,16269,333919,13657,2927,2435,-4606,-2169,-1422
"395",30858,259244,1127,162905,31000,105011,348217,43388,7553,15048,-8213,7241,4781
"396",31037,1174,343,32126,10000,85,2430,0,1731,768,6,-62,-62
"397",31151,32676,126,36486,5000,24820,1571043,9863,1243,3260,-635,2632,1711
"398",31189,49928,2410,-73540,500,111990,36501,24873,0,-19814,-1862,-21607,-21607
"399",31848,26695,3159,8159,11000,31511,179580,40376,1111,5474,-2715,2672,224
"400",32004,-4320,-5585,-16257,10000,39525,6399,4734,0,-2670,-229,-4358,-4358
"401",32331,76155,18612,58607,21000,49879,382065,41209,4867,9012,-2031,7010,4621
"402",32410,243864,-9349,21258,20000,253913,504682,30780,1221,13993,-12749,1017,302
"403",32428,342928,13844,80307,10000,297357,1906410,30275,2184,46468,-12414,34053,22184
"404",32499,99789,3764,33730,13200,86841,322228,27357,4561,7558,-3448,2954,1697
"405",32698,131819,3890,30871,10600,125308,164284,8195,935,27855,-7146,20718,13653
"406",32841,104845,877,79149,56000,58537,142977,36837,4381,11635,-9551,1661,1353
"407",33066,91928,18207,38540,1500,67274,85828,26891,883,7170,-4356,2621,1708
"408",33286,42725,20107,22295,18400,35415,308242,76133,5536,7217,-2207,5358,3667
"409",33332,134161,3802,17058,10000,139786,102752,40420,468,6229,-9954,433,433
"410",33472,47479,2728,54681,10000,26270,211276,36528,8743,18056,566,18868,12662
"411",33475,71458,0,61901,18000,43032,335208,96849,6914,7557,-830,12977,8661
"412",33538,80812,4505,769,2000,85292,328379,24036,3819,12041,-6671,5370,5370
"413",33550,57951,240,34657,10000,56995,139055,81855,8609,1870,-5588,-3718,-3792
"414",33570,40095,12976,33253,10000,31777,136467,8161,8261,2625,-459,2124,1343
"415",33700,79903,5636,69493,12000,43227,203776,73866,1957,31719,-1570,29714,19697
"416",33771,41496,643,20824,14000,47089,122544,19788,2328,5363,-4941,461,193
"417",33866,10185,2609,7820,500,34380,216245,17249,2015,5417,-1168,4248,3281
"418",33995,308938,198130,244400,25000,96607,746612,98834,1164,108999,-5823,102949,66917
"419",34336,55673,6677,80052,500,9958,76107,65060,740,11106,406,11512,7483
"420",34347,27100,100,37916,10000,23531,199715,65482,5179,3859,782,4641,3585
"421",34610,19315,3778,630,500,34692,136144,14528,2029,8552,-6294,2260,2260
"422",34651,39635,-709,23035,19000,42978,313652,33323,4918,4401,-1238,3027,3027
"423",35237,128641,77131,39950,20000,118242,413096,16622,3711,7017,1982,9726,6495
"424",35438,178496,19109,13183,4000,182222,279335,23218,18915,8192,-8175,16,12
"425",35649,199488,30056,106754,500,127434,422980,67046,2227,18776,1245,20021,13147
"426",35849,191915,6366,74479,20000,153285,498747,165873,4375,-8611,-1500,-9474,9474
"427",35960,74164,547,29631,15000,79879,99802,26381,2899,4778,-3270,4946,3103
"428",36140,130259,18705,18805,3500,54531,308829,14644,4056,3247,17,3069,2038
"429",36159,4574,577,22238,15000,18571,15720,9374,8501,-7962,-1600,-9558,-11278
"430",36592,337218,2644,107805,16200,266006,496612,69513,10357,47112,-16578,32324,20538
"431",36659,50725,8133,22587,21250,53723,159375,19192,3643,3203,-7182,282,127
"432",36784,99856,676,54452,12060,70027,165924,26617,9606,12356,-3832,8523,5629
"433",36896,145256,3568,9279,23000,154634,12652,8965,2162,-7534,-7340,-14676,-9631
"434",37037,197135,11861,17107,10000,202884,480476,20684,2104,3586,-417,3310,2441
"435",37648,69522,2185,46015,10000,46290,131824,42027,4811,3410,-3471,838,322
"436",37838,214625,35118,53321,5000,152298,551770,79979,5562,67467,-34757,32709,21304
"437",37841,2684,211,9032,12000,21599,103869,33473,4511,23,-1349,-2019,-2019
"438",38203,83096,7773,1775,36070,107437,252290,50066,8308,-30933,-4830,-8809,-5726
"439",38387,587341,1188,450722,10000,25850,47415,11296,2383,14094,25782,44982,30340
"440",39008,81457,4638,77128,50000,43338,147544,55093,3630,-6284,-6283,-12676,-8239
"441",39090,272740,10118,152382,25000,159402,850082,29713,1203,7245,15171,22219,14463
"442",39148,125471,-3644,57204,6000,106414,261845,29785,8673,18170,499,18631,13358
"443",39224,44285,15895,26693,16980,34816,163701,9227,1363,-13354,-4403,-662,-430
"444",39528,-8613,-24044,-24471,1000,46318,9298,14981,400,-38266,-224,-25710,-25710
"445",39606,206467,47751,92850,16000,143493,434589,50383,54398,39025,-1101,47450,30832
"446",39778,78758,317,38223,10600,68186,321835,35815,3821,10158,-3482,6544,4809
"447",39909,96316,9588,55818,4000,80407,170172,12144,4301,3976,-88,3934,2951
"448",40160,214867,16296,102744,5000,149696,528484,118131,9246,20300,-20191,3562,2757
"449",40309,103837,18856,36421,10000,87593,366323,36169,3947,6075,-1036,5038,3275
"450",40412,61595,3398,24514,10000,52081,184116,14854,229,3729,-1604,2371,2371
"451",40517,92743,5776,23201,15500,109259,408823,119829,8395,13611,-8442,4506,3166
"452",40585,89812,912,25281,10000,46705,116873,37117,16192,10699,-8481,1918,1246
"453",40653,60801,6858,36048,19000,65407,472848,16291,4067,2619,136,2755,2192
"454",40679,72779,32,41991,15500,73467,254514,20715,2646,340,941,4152,2698
"455",40872,178398,564,18239,1000,199094,291317,63414,5822,20490,-18832,3455,1326
"456",41206,97712,3828,107652,41500,31266,232268,31551,7123,17248,-3658,9474,6453
"457",41233,48109,5305,-7231,3000,86028,261997,18394,4763,-29358,-683,1069,1069
"458",41354,266670,17898,193308,40000,114716,1206736,103003,4539,29425,6744,36244,23498
"459",41403,51759,1585,-4695,500,47684,193299,70089,9139,-944,-4729,-5324,-3461
"460",41414,79408,4239,63466,7000,50145,221918,98610,3895,33201,-3036,30161,20066
"461",41437,43276,598,28125,10000,53169,299693,53547,4633,7719,-5994,1895,1219
"462",41472,340058,6844,153599,72250,216362,514408,26297,3663,26452,-6208,27147,17645
"463",41592,87467,26955,48325,5000,80734,123745,31069,1990,7917,1060,9003,5885
"464",41791,66441,-6187,3244,700,64529,102116,11447,0,7968,-9185,-725,-471
"465",42350,116011,17911,128751,50000,28710,269752,84342,14512,5157,3479,9626,7478
"466",42447,658633,44503,228783,40000,470768,1121266,105966,7384,57666,-16981,37251,22965
"467",42558,104984,5212,52841,40000,94701,179088,14672,4748,2241,-1996,244,-1592
"468",42721,37160,3496,53033,6600,18498,235730,50432,8615,9994,1516,12050,9166
"469",43369,64667,1542,55004,17350,48664,135659,17115,4166,12561,-5887,4869,3823
"470",43713,154473,9398,14816,4000,172208,367671,17883,2992,20637,-16894,3743,3014
"471",43779,19997,9669,63431,4000,346,121455,35110,2670,4173,2689,7113,5245
"472",43898,64065,10904,32936,10000,75027,52884,6075,120,3258,-29,3414,2388
"473",44486,131005,5869,120250,10000,47427,131789,42884,3145,4192,4034,8471,6093
"474",44491,163593,11120,19418,10800,154036,235082,30113,4272,29641,-23403,6237,6237
"475",44679,127388,37551,100418,72000,71662,661414,79443,11785,50732,-43524,7208,4685
"476",44861,72049,8119,63161,38000,51976,803466,56904,12215,2657,-1107,1605,1043
"477",44942,138819,4397,56747,10000,127100,318796,163712,4243,31952,-11526,18502,11346
"478",45220,243658,3737,88036,10000,197984,1521462,67678,5525,25210,-22785,2718,1767
"479",45238,47739,131,24188,9800,36541,241944,26387,5441,4169,-4799,-858,-1364
"480",45482,41858,22455,48110,10000,43247,49639,4987,6486,2243,1252,3496,2532
"481",45586,556701,238879,138686,25000,462341,1308738,213736,6078,77488,-32380,34359,22094
"482",45666,345809,2146,-3023,10000,347331,1042083,37716,2920,12325,-17480,-4201,-2730
"483",45903,174242,30746,12847,20000,208404,863313,53295,5560,11108,-4862,15224,15224
"484",45999,50030,6906,49956,48150,42070,95287,35373,8054,-6182,256,-5558,-3612
"485",46482,53477,3038,10841,1000,70426,328408,13480,2983,14689,-11971,2718,2127
"486",46564,57788,3094,48837,27300,51465,646397,56180,3279,1675,3805,5484,3516
"487",46631,48094,5676,36409,10000,58316,367741,47977,9579,3603,-2274,1328,979
"488",46753,148337,4962,35273,10000,129682,473521,32529,2524,-3412,2062,483,367
"489",47152,490613,16759,165693,35000,352469,874361,133834,13657,37903,-17695,20013,14068
"490",47626,124300,29242,135469,24000,36457,227875,73138,25214,22540,771,21312,14074
"491",47650,31135,9343,37906,3200,38353,221321,25371,11317,35309,-2524,33448,9058
"492",47755,36706,22459,16462,14320,51947,373611,86101,3288,0,0,-166,-166
"493",47864,30685,1577,40700,10000,25014,100616,16249,671,4145,-795,3350,2177
"494",48558,-26538,-28612,-22113,5000,27667,27166,30770,0,-12904,-4723,-17628,-17628
"495",48720,1632098,203304,1392647,1493787,288171,3666486,226163,29063,120274,-37473,40493,24867
"496",49079,349960,19379,214826,58000,180466,874582,87484,14700,-20388,-6458,-34465,-34465
"497",49252,182994,143160,183958,10000,35913,112511,48457,4230,-23304,19203,116693,116693
"498",49903,21808,7287,5161,500,26463,271300,23039,3628,5034,-4128,1190,933
"499",50164,18970,1470,8274,10000,25659,58364,13667,5449,10795,-5867,4928,4238
"500",50436,77472,8649,130609,10000,-2701,114038,26041,8251,15951,4124,20116,14456
"501",50825,207663,14819,82313,10000,162123,451537,82992,5607,7057,-5319,3575,2372
"502",50864,66253,1151,24673,12480,92444,94839,39368,6410,15969,-110,12196,12196
"503",51027,84350,1923,40460,27000,70896,191476,75233,6692,9364,-8656,733,733
"504",51774,60489,6261,60773,10000,49565,223026,39872,14689,5343,-465,4878,3639
"505",52046,65856,98,54911,53700,60204,156839,5042,1964,5146,-1211,3935,2821
"506",52159,85641,1784,53599,9120,61347,133512,46207,6818,6668,-4558,2109,1718
"507",52207,498306,25977,145424,96800,171786,585234,42096,7326,38704,-29890,8813,8813
"508",52441,10370,-24281,61836,34900,975,220590,25450,10399,6368,-3773,3165,3165
"509",52819,318471,8669,103625,10000,258598,418486,118668,4743,41976,-27702,14273,9277
"510",53180,79578,-67,38658,3000,75588,542767,32418,14148,5182,-3177,6004,4591
"511",53582,369618,13737,221325,54000,198474,2585548,99697,13004,76174,-5558,57394,33082
"512",53793,172944,534,111084,15000,112605,294996,71289,8044,24130,-2807,21662,14574
"513",53804,132210,47324,135602,30000,47701,384306,70469,7611,27471,2990,30645,19919
"514",54167,119977,78313,4405,1000,122826,300730,38656,5746,13185,-7174,3159,2261
"515",54234,14313,2518,25088,20000,9314,113662,67121,8446,-7901,-3616,-11492,-11492
"516",54238,129852,327,48150,12000,119881,317046,71430,9711,5585,-4925,935,3626
"517",54302,103263,1509,68795,15000,71693,280916,38053,7333,22904,-10759,12305,9070
"518",54340,164868,-1098,96259,10000,97778,417532,43760,2897,28288,-2027,26907,18612
"519",54374,166160,15079,173277,37000,45857,434760,72629,9223,9155,3504,13584,8919
"520",54421,63846,28483,42498,12800,36405,184583,60367,6639,40690,-8497,32008,22390
"521",54433,5559,-22580,-761,1000,60754,126450,42247,4461,4751,-4755,328,328
"522",54663,182661,3743,19079,10000,221360,369657,85920,6190,34071,-31042,3800,2819
"523",55389,85390,5732,93926,10000,42627,195587,59835,5472,18692,-2949,12715,7372
"524",55398,94388,5941,45652,15000,76698,208548,56261,5137,9689,-5124,5703,4503
"525",55411,32993,1610,81591,21000,6814,86847,35615,4831,19297,1558,18802,12374
"526",55472,262564,2127,15824,10000,284484,743417,52592,4046,2630,-17580,-14752,-9718
"527",55791,49781,4669,45915,12750,23186,201912,35832,2452,15583,-12947,2772,1912
"528",55866,173204,1333,93265,52500,135806,995791,34261,7501,16801,-9370,7498,5093
"529",56090,506020,22076,23628,10000,536327,342975,89779,6289,36072,-28732,5507,5507
"530",56302,115561,2132,35446,3000,119154,158831,45813,5890,5975,-4057,1894,1216
"531",56369,95532,162,44913,10000,94110,256361,73315,9797,16125,-10164,7215,5020
"532",57046,103897,3658,62283,10000,78659,134528,43786,5958,-10729,-7413,5174,5664
"533",57683,99380,5534,62867,40000,75527,207786,59891,17780,10585,-4616,6457,5292
"534",58099,7696,-13793,37517,5000,28278,86957,7389,1687,6842,165,7474,5773
"535",58200,198660,163,37716,25000,59584,599909,32253,3641,1317,-411,906,589
"536",58326,226767,20258,69203,26200,196763,416504,46002,7866,29427,-20540,8899,6645
"537",58450,249071,812,60984,65000,246537,285467,49064,417,-14450,-7324,1290,838
"538",58923,144216,3846,61279,47910,107243,144187,36231,1695,13763,-13603,1610,1345
"539",59520,113031,1834,88359,16000,60643,288555,99512,6868,13841,-9271,4775,4842
"540",59976,233593,56964,234034,40200,59675,543498,0,11279,6388,1439,7667,6413
"541",60074,47134,3517,37799,11250,63963,168886,62533,14208,5335,-3836,1365,56
"542",60282,121502,454,-81065,10000,258348,72588,35331,0,-18515,-6584,-24870,-24870
"543",60355,194698,12654,-18479,10000,110707,954702,47722,6238,58172,-49872,1236,782
"544",60508,328147,52490,124450,44000,264206,1085694,54140,5191,3976,590,4521,3085
"545",60933,91094,18784,83471,10000,64943,166619,23803,4242,-877,-1052,-1929,-2543
"546",61680,71670,4610,29399,20000,70305,353682,29975,9227,16423,-10750,6228,4654
"547",61970,36503,4077,79444,17000,18970,126498,86073,4387,8447,-6714,1732,8
"548",62181,192618,34027,165336,40000,66400,621206,74497,6816,-42009,-5213,-8542,-8314
"549",62401,173414,39,33145,30000,91875,93791,21429,9088,7258,-11721,383,283
"550",63320,323257,62699,249082,10560,137494,634841,285508,8911,44910,7370,52031,47181
"551",63546,201152,5164,63458,8010,190172,437193,69164,10656,23450,10061,10690,8579
"552",64285,24917,6193,32012,10750,57189,250455,33196,3838,7004,-2026,4977,3844
"553",64286,158988,36216,133544,20250,89731,343808,131276,13621,41963,707,42671,30143
"554",64483,79177,0,65497,10000,65125,361267,46350,5700,29638,-1898,28368,18439
"555",64572,72758,5255,48347,4500,76715,291096,38628,7815,35553,-7494,28070,18245
"556",64731,102648,8620,107102,23000,46867,275508,131446,8224,-2934,237,-2804,-2282
"557",65493,41532,6564,55998,6000,32570,193106,37824,8909,29507,-14488,15189,11341
"558",65690,21599,1475,41608,10000,12563,17005,0,7322,7880,-4356,3639,2372
"559",66168,143888,4445,25561,10000,161375,509226,143754,18484,15191,-7672,7518,7141
"560",66172,760014,63743,90114,10000,742072,527380,78638,4582,12171,5201,17372,11285
"561",66459,611921,24389,175208,30000,505223,1340515,0,7229,95749,58697,58624,38248
"562",66596,24855,-29944,12759,1650,54691,176326,86743,5881,13505,-11787,1562,920
"563",66659,351145,17838,196217,59000,212108,798829,83389,4051,28219,-16214,12005,7803
"564",67037,295192,11,50895,11000,311335,879659,93069,12601,18827,-16841,1402,84
"565",67115,46347,9273,40740,10000,39603,68759,33536,6641,2700,-514,9418,5218
"566",67293,192581,30096,52763,10000,179442,493368,37945,6662,16376,-6057,11385,7536
"567",67413,106803,4338,88040,2000,81170,181151,24720,6944,35471,-5489,29878,20669
"568",68152,34455,-510,18532,4000,65680,81825,13320,13173,4943,-3469,2359,1526
"569",68483,14935,808,50740,37500,31593,212567,70712,15081,15463,-3132,12096,7893
"570",68556,272924,11565,118014,12000,221198,1053112,42206,15246,48627,-26534,24562,14931
"571",69352,176536,13058,114548,25000,103949,496241,50765,4496,4028,3133,8839,6470
"572",69834,1025722,8079,125775,125509,968477,1380249,155608,10115,66522,-17572,42811,27079
"573",70563,276150,5615,2451,11700,330559,280563,113336,6530,18590,-15705,2200,2200
"574",72176,58259,689,32504,10000,78498,193507,59290,8743,44480,-13357,28841,18795
"575",72485,1071,-9820,9074,10000,46306,139313,42925,10556,-2435,-2978,-1618,-1618
"576",72489,112478,20487,89985,10000,88191,405250,51039,10984,18949,-10855,8292,6265
"577",72551,54087,5525,20880,7800,75743,276617,43886,4120,24568,-9247,15711,14326
"578",72662,36934,1222,40005,34000,41619,172290,26381,10982,3318,-3710,2383,1549
"579",73184,87962,18786,6097,1200,113649,558197,234969,5401,31590,-23641,4815,2779
"580",73895,18516,7736,10196,10000,51104,217865,65042,15895,9001,-663,4209,4209
"581",73952,129939,47,12587,16860,90281,200595,98054,10759,16106,-5534,15075,9816
"582",74126,133260,-2261,123475,50000,73279,418517,284653,24959,42973,-17430,25088,16365
"583",74371,1108185,114388,207003,10000,875439,1372977,143186,3904,102636,1923,79472,53109
"584",74465,258465,26822,171655,45000,161284,413606,49099,12019,69834,-15319,55344,34229
"585",75172,88439,3376,54293,36000,104540,529339,32539,11306,33699,-19948,12560,9214
"586",75172,110782,3018,23476,13500,143039,241079,66112,9309,14025,-12860,1165,859
"587",75646,99791,52172,13601,10000,90060,205695,28021,16275,17995,-17538,1189,773
"588",76241,507054,53390,313627,115000,269669,139553,4864,661,12363,13451,25814,16779
"589",77134,60431,6570,80368,15000,39994,189192,26858,4260,17326,5389,12510,8474
"590",77544,203730,557,82651,35000,172975,401441,40082,7322,7375,-14944,1350,1350
"591",77875,37200,23781,47091,500,21182,110977,53188,1648,16824,319,17199,11179
"592",77924,195629,24527,41564,10000,186882,286692,41538,3933,12903,-9538,3361,2162
"593",78391,43099,221,35554,10000,89514,241994,72311,10057,-2222,-4388,4423,467
"594",78725,67659,3999,67191,25000,55097,172771,73102,15506,7878,-5078,12710,10924
"595",79798,39001,582,9769,61000,109030,0,0,4053,-4136,3735,9746,4685
"596",80202,264101,2468,25521,10000,270146,441182,218442,15310,17072,-15361,1710,1710
"597",80656,58560,-48,-2408,500,140749,15498,11258,980,1508,-1526,-17,-11
"598",81548,148713,37185,113225,40000,109741,707711,102979,1773,0,1958,6634,-6634
"599",83867,234742,806,78063,30595,229617,312518,91421,3545,42324,-24253,13973,8903
"600",84546,274398,2377,45228,30000,124550,1138354,79437,5522,37136,-39165,-1648,-1648
"601",85202,71300,48378,90106,14000,64565,544275,50512,13900,1644,6658,8511,5532
"602",86304,148374,16103,115977,20000,80600,223430,68060,12571,26412,-7239,19247,12465
"603",86601,66583,2124,25875,25000,123884,313159,11642,1186,14249,-651,12765,8364
"604",87049,174944,11075,153176,94000,108817,336026,101482,14300,-26835,3363,-23421,-23421
"605",87924,85704,1445,105700,95900,43354,141617,39852,0,4234,-10202,-3471,-2609
"606",88678,104917,767,99217,38000,83602,401129,172205,31634,24836,-5331,23635,20753
"607",88987,68096,14454,64627,30000,14978,422701,41471,17163,13283,-7121,6950,4903
"608",89108,97374,3252,74008,32000,69523,242494,63064,4799,27954,10993,11858,7708
"609",89206,218648,3131,44577,8400,221773,381236,52436,13747,16958,-15230,1977,1977
"610",90087,91127,4044,134432,10010,45955,141026,51330,0,5618,-8515,-2896,-2896
"611",90609,118921,11962,88002,16000,99643,519701,6032,21348,4076,27,2555,1918
"612",90926,25428,4803,66489,25000,25731,238304,48537,13219,21992,-4302,10755,8351
"613",90962,62604,-1308,7347,10000,79473,148693,46870,10922,12460,-12250,813,87
"614",91127,185146,119062,111533,3600,81080,347819,66024,2602,44819,-2040,42779,29942
"615",91289,79253,2549,23814,24000,133558,132691,17905,12187,13387,-9112,4274,2912
"616",91449,97871,720,34011,34500,128530,217868,24326,3079,22334,-17021,5313,3238
"617",92478,65607,7309,69274,28000,61900,311617,87133,11067,20840,-4166,19310,14129
"618",92559,125991,47660,147721,30000,70828,509355,102062,9981,36379,-6481,29448,23837
"619",92663,81190,16464,31405,20000,99385,377135,195147,24563,15360,-7181,2300,1603
"620",92995,109647,14950,35059,20000,98011,355250,82463,7938,20998,17815,4518,3333
"621",93448,60650,19675,61811,13000,63284,231508,84317,11013,12272,-5775,7846,7717
"622",93851,87346,21384,78314,33600,96927,439878,13629,15220,-14768,13233,5549,4363
"623",94585,128061,2478,46123,10700,126114,198304,63780,6478,23217,-22295,2543,2006
"624",95034,102912,3502,137607,10000,60338,240484,65661,6082,14636,-182,15041,10001
"625",95684,81681,2469,3852,7000,167630,655163,47075,0,11375,-7367,2813,908
"626",96095,254555,7420,142455,10000,192663,596058,100994,14347,10149,-9963,1341,882
"627",96355,49712,1178,67956,52000,53061,277358,15268,14822,16909,-8102,14359,14204
"628",96426,157488,53454,196513,10000,48215,361234,125960,8526,32463,5114,37762,25049
"629",96463,60377,2854,-75782,25000,89574,15707,23990,0,-77180,-56,-77237,-77237
"630",97014,283449,1329,30376,10000,288686,933724,64296,5051,46374,-54955,-8580,-5577
"631",97049,13084,2504,62432,10000,39983,146235,33172,4791,-591,5694,5103,3321
"632",97534,98879,13826,154531,10000,32682,381208,14521,6663,16749,6598,24280,18446
"633",97909,1453,639,184,16150,23779,33000,8268,4968,9047,-11465,-202,-2620
"634",98172,68789,11356,-35955,500,205505,595836,30861,17971,6780,-6871,270,175
"635",99280,129635,19514,174200,140000,49279,342731,44397,6072,1370,500,2120,1378
"636",99358,7022,3098,85118,18400,21262,100408,23777,1760,17630,25,17655,11896
"637",99880,183647,15753,144552,15000,97974,465436,102353,23888,14417,-10907,8034,5830
"638",100279,32884,2401,26292,10000,78972,184735,27778,15125,11857,-10930,4444,3044
"639",100365,431164,12651,402808,132000,123388,709929,244141,14015,124169,3644,127769,84207
"640",100771,145719,8837,48802,11200,108249,193189,32013,2538,14994,-12750,1989,1292
"641",100860,200737,14557,99815,6000,197885,447519,87439,10293,133439,-7987,125848,81801
"642",101375,302925,26054,109318,35000,294982,763019,15764,5715,5478,16935,28413,18417
"643",101446,104071,-4045,-69812,22000,153874,31086,33388,0,1522,-245,1277,830
"644",101491,204355,3180,82597,45700,216995,403475,52368,4130,18144,-13007,6636,5206
"645",102319,58639,952,114463,83225,27298,14700,0,2219,10033,170,756,756
"646",102577,111531,41277,99003,16500,48251,121691,4951,3268,17330,-4887,12442,8087
"647",102930,13376,11412,96744,10000,19600,342857,55649,20412,31365,-17741,11747,8391
"648",103020,98773,45307,56211,10000,81878,234311,45951,14287,39009,-8634,30252,19664
"649",103585,263251,33884,195232,76848,161096,484726,98937,6488,76902,-9724,75424,47958
"650",103735,65174,5728,80065,7200,41016,109897,22350,10736,-117,-4552,-4669,-4669
"651",104785,399759,49465,196945,32000,260455,672685,54668,10269,1632,1925,13318,8397
"652",104895,168521,638,140102,10000,133253,457911,36279,8164,25383,-3768,22102,15129
"653",104968,39986,7502,46306,10000,55192,188415,67864,25428,9650,-12223,2034,2034
"654",105104,258522,57458,201800,61500,140100,526880,139791,15490,49162,-3678,34169,23956
"655",107601,346112,5123,117426,10000,256758,742052,144234,32601,51862,-18761,33101,29215
"656",107660,269983,49796,283426,50000,94218,458218,41230,5010,45156,-409,44746,31810
"657",107924,228578,46295,94375,49730,131454,1258288,61523,6947,19517,-15067,7234,7234
"658",108044,111960,9731,139887,14800,50507,307281,101219,23580,23703,-6383,15478,11992
"659",108164,59215,3151,-1640,12000,153159,117184,60400,10368,6407,-1897,4500,2925
"660",109215,51468,1432,148144,16000,4740,17031,15819,3467,-4475,42,402,390
"661",111015,257191,22142,144844,28000,223362,1044544,79017,4174,16989,-8291,8698,5697
"662",111243,70374,2644,18578,10000,140587,470861,39624,7261,16850,-14035,2814,2486
"663",111952,15840,3720,84065,72310,9724,89551,10905,8392,19406,-4005,15565,13457
"664",112224,90578,21178,52549,28000,23628,287793,105047,20489,27048,-9947,17028,13065
"665",112542,51004,8245,112718,10000,48658,1023576,80386,10133,31154,603,33340,21671
"666",113203,58920,22408,60410,500,37861,654635,171904,26781,23712,-9077,15630,15630
"667",113226,214390,48323,192646,56800,110368,1463965,99784,18286,39814,-12108,29594,20246
"668",113522,63543,23672,25335,15000,56097,317992,85442,19198,98282,-117116,-52326,-47149
"669",113594,607878,4280,151745,190000,558892,1244897,232428,20672,-25628,-18298,-41317,-41317
"670",113667,366153,44,201110,57300,239735,1703267,28376,14471,70394,-19134,51358,34265
"671",115249,27882,12916,71733,15000,27509,434904,74947,27685,30562,-15052,9836,8192
"672",115257,157625,10861,187485,130000,50397,556820,79133,25003,15131,-3541,25714,25714
"673",115324,78574,7021,-56111,10000,253715,215123,30298,4934,51232,-746,-3151,-3151
"674",116328,69423,4042,132041,11200,53246,506085,45749,0,-2361,3590,965,745
"675",117173,39555,7082,39799,40000,79899,809507,49434,0,27025,-18014,9010,5857
"676",119574,1279006,65760,198987,10000,1158280,4236793,50755,5794,117418,11313,129989,84493
"677",121202,181935,7113,22872,25000,163431,638999,77871,20722,33167,-15971,19732,19732
"678",121604,812986,36860,501723,125000,396291,1490007,477447,11636,172418,12701,185427,120726
"679",122046,119538,4497,152308,54000,89277,432447,129752,14352,42334,-10842,31652,21221
"680",122464,57927,2073,18988,15000,64498,239435,64925,10344,76016,-84636,-29868,-29295
"681",123210,9985,-13006,44288,15000,88907,47560,19241,19029,-23305,-5434,0,-14477
"682",123359,335504,1911,142360,75000,316503,449758,72810,26037,17574,-12974,4600,3518
"683",123934,613778,89633,578547,60000,159165,578491,95305,12673,86803,20271,107138,75410
"684",124103,45025,-8,45615,20000,34286,164810,26521,18734,14310,-12669,3386,2850
"685",125158,178945,8709,131317,21000,172787,699257,67042,4373,11849,-6931,4206,3027
"686",125502,175632,28848,107252,15000,164562,594560,229390,22344,18180,-17244,1781,1157
"687",126702,361707,9566,82175,20000,401038,674277,220433,14377,47282,-24612,23221,15468
"688",127599,21146,230,56325,15000,49229,141360,45428,8110,23202,-9487,13715,10127
"689",127996,289153,20636,241270,10010,176687,780257,204909,27578,132069,-88813,42841,29471
"690",128548,382384,93353,329427,75000,181129,81030,3989,2713,48806,12790,61596,40463
"691",129138,264124,518,59037,20000,242950,293799,83278,9044,-19755,-12753,12889,8170
"692",129207,87499,26878,130363,24000,86343,581679,207340,77762,24238,-2780,20714,15276
"693",129230,114431,13006,58867,4000,148317,432567,43590,13667,48756,-10923,42017,29753
"694",131428,488117,-2714,121543,23000,457227,4033911,53800,10933,77759,-60233,21722,21722
"695",132235,98635,1037,119801,1000,91190,200361,88683,12183,30660,3969,40781,27688
"696",133188,214067,1272,144447,100000,179277,331584,194685,8708,19275,-18156,12114,8514
"697",136054,49994,137,78359,32400,72122,389910,55240,68668,18363,-6866,13673,9746
"698",138028,127188,17574,157502,18300,84193,403962,117727,30366,1068,-1366,2111,1372
"699",145776,54846,19510,143048,20000,15414,124027,54353,7461,8067,-5159,4909,3153
"700",146495,83855,3152,100218,98520,95178,630973,86507,9057,5722,-5224,1252,827
"701",146919,121314,156012,60587,15000,133402,345407,68706,15199,36403,-10226,28247,18360
"702",147854,11983,602,59198,27000,34814,112486,38453,6062,1616,-7552,-5936,-3858
"703",149257,26398,2253,64844,105700,39682,185437,55920,16182,5296,-9969,-4673,-4673
"704",150895,108345,2275,110813,79400,95317,419468,115059,23543,39595,-19981,13619,9693
"705",152187,473310,82220,208294,190000,417203,420786,91360,22919,17166,-6651,10515,8123
"706",152865,581765,202415,663831,10000,63850,228380,44513,16578,50007,23071,74245,53712
"707",153817,387558,89675,364190,57400,177144,968454,96634,23499,188678,2588,196338,129582
"708",153834,55707,47887,183127,10000,26414,217456,52378,7358,27527,7508,35022,23569
"709",155025,601589,2049,309705,100000,284695,481864,89276,1754,51868,-30007,22511,14641
"710",155820,35655,2893,112952,11500,11941,171721,80098,8461,19428,-6220,12581,8301
"711",156375,239593,861,49877,50000,287773,649651,90072,8559,9384,-17530,-4129,-2845
"712",161213,293749,164560,496730,300000,90732,406335,35957,75214,74708,4888,79589,54275
"713",164919,600166,25138,73733,12800,551816,775557,115186,18907,21028,-13808,5045,4339
"714",167135,100950,12130,-137794,40000,16131,145037,16642,51342,-66205,-5060,-46120,-46120
"715",168538,390182,31460,449712,510000,109008,1415708,171407,86277,98703,-5164,91268,91268
"716",168587,372244,98879,354790,108350,85207,328721,10037,1535,129644,-3806,113345,75386
"717",169733,121286,38201,140817,15000,83760,844306,61783,11303,22015,-3555,18459,14427
"718",171332,4539074,416760,2444371,20000,2266035,15382214,751130,33853,631320,-52343,584640,385101
"719",175048,352949,84032,196011,25000,279969,851472,132463,26835,63716,-23018,41413,31424
"720",177368,90317,42559,175606,133050,92079,112765,21815,2565,12711,1889,20127,13002
"721",177371,210734,72805,224353,12000,163752,606442,79383,3188,-12229,32881,20652,16313
"722",177394,331417,354,115281,25000,277592,487102,100184,6058,312,1121,19355,12704
"723",181388,1064956,6531,127126,75000,1101067,1042736,269172,19849,77458,-61110,18714,12601
"724",181418,750780,1889,216125,90000,716073,1569768,88346,9068,45077,-45994,310,224
"725",181466,170293,22425,87990,10000,195677,606335,391580,24708,51968,-26908,25060,16898
"726",182329,716601,546,124272,85020,643624,1634916,208107,29965,-1817,-57318,-53677,-34890
"727",186159,93507,19466,64888,10000,51104,244054,35705,14434,6864,-3120,6025,1381
"728",188927,900922,8208,337919,145000,520015,906841,244750,6251,50127,-51706,5568,4052
"729",191030,116069,7442,129084,83000,84098,389309,75577,33254,26087,-18734,7557,4168
"730",192945,261920,-24455,87860,44920,144951,322311,7863,1251,15044,-6722,9698,5387
"731",195629,637117,83870,456101,80000,374820,2849751,260175,15097,43367,6002,60447,39574
"732",198277,175150,33593,252546,40000,84261,537844,78476,94841,40637,-22219,61498,52325
"733",198656,769287,139859,576172,128000,333331,860027,179128,21953,68095,18391,87030,57844
"734",199331,506201,37868,274060,40000,401971,4969838,75391,40848,53069,-17695,35504,27427
"735",200498,60678,3446,24844,10000,58379,282497,88810,9055,40097,-32608,6759,4898
"736",204553,235309,3503,162049,18290,253391,427609,175116,31573,35159,-17402,14754,10067
"737",204639,1008876,2136,497917,85950,618416,2743389,91679,6261,-37652,-28705,21791,14701
"738",215059,143659,7298,54296,70400,181525,363910,145190,15748,43905,-16470,99971,64981
"739",216188,445614,100427,442298,36650,219504,2130423,197057,8717,14839,15604,31527,20492
"740",219734,348620,10734,357770,60000,208127,677497,278161,43821,94731,-7625,87729,66088
"741",222801,74737,62744,290114,61776,7424,37452,27788,0,4724,20350,27541,23776
"742",223141,1092236,168319,351352,10000,964025,2174636,225368,32995,232242,10095,242337,99572
"743",224106,22967,18643,222755,189000,8802,61225,6791,41942,4131,-575,5891,3883
"744",228787,538450,28214,96526,10000,634435,2271177,226205,19880,15286,-20389,8761,6577
"745",231454,203142,5773,409122,50000,22554,121389,0,6823,23267,-4169,-5741,-5741
"746",233057,143627,1786,261161,120000,115523,331569,42587,28751,31702,-9759,21966,14278
"747",233473,216721,36963,343064,10000,107130,1206118,31665,16371,176879,-5857,171367,116369
"748",234120,229466,5545,98233,12500,269241,488700,132087,23811,39805,-22561,14518,11213
"749",236314,519857,3139,357022,15000,399262,1797318,95029,16814,32296,12916,34669,20861
"750",240168,53711,12841,61151,500,152689,671265,33526,15025,31106,-18623,12470,6975
"751",244293,6240,1614,245965,30000,4567,0,0,227,-1185,96,-1086,-1086
"752",245049,4407578,204217,1588809,224000,3063818,3317081,898092,18614,110441,72507,182949,119482
"753",246686,46356,1238,208129,3100,13550,23562,19496,6478,-19533,2049,-13546,-13546
"754",247781,82891,7920,40250,12500,44069,184884,78016,11540,29682,-29912,-230,-230
"755",248051,447373,32769,145638,20000,510336,825910,123387,19735,79467,-31677,31967,20215
"756",248339,2107796,182249,713101,25320,1582260,5732893,212561,37486,149761,-116656,34053,25694
"757",248776,55906,-30919,-97007,49000,264474,617284,131582,2750,-67414,2905,-64995,-66191
"758",249840,1020384,123346,691851,525784,565123,1607361,1048056,25666,-25484,47349,10986,7832
"759",250108,706920,28908,276535,30000,641749,293158,166475,21402,130159,8640,139484,97410
"760",250275,1021852,23712,181567,90000,1075859,2335678,173899,15180,194674,-108965,61756,56770
"761",250275,1021852,23712,181567,90000,1075859,2335678,173899,15180,194674,-108965,61756,56770
"762",250982,122026,13592,55224,70000,169606,629604,51459,13069,27476,-20760,28330,18414
"763",253034,322760,2669,261478,130690,261186,1150159,79351,30450,47572,-21489,35873,29641
"764",256826,946750,111613,600237,292500,528694,3637876,181020,2498,78630,-54962,-27029,-19400
"765",256965,251111,748,92741,20000,410901,196104,50511,6722,9641,-8133,1508,1011
"766",257817,66281,22663,150809,25000,96207,46976,22389,5969,11676,1217,82749,79323
"767",259223,367762,105688,396304,11210,211191,1374454,136791,16318,94411,4445,101333,69657
"768",261961,1395420,183418,630475,162000,981314,3050326,760807,53895,124122,-78943,53048,38506
"769",267306,352066,6913,13996,26500,123084,724751,86835,11897,-95659,-39656,-13302,-13302
"770",271085,181671,56558,155331,50000,135504,679008,140075,17524,31570,-20962,10607,7146
"771",276900,9006,900,7184,48000,58083,270542,74961,11689,43582,-27801,15780,11388
"772",281062,337190,7923,301506,74500,193195,978425,652380,67266,-5257,-11407,-26170,-15477
"773",281541,76487,25572,306274,15000,51753,496381,148160,35345,126312,-11,126239,85003
"774",282347,1605837,42107,518117,145000,1205941,677857,126213,12331,70841,-12342,58345,38348
"775",283185,27481,-730,182409,26900,58906,306509,96093,26367,44588,-10337,34730,34730
"776",287613,1030017,97777,699560,540000,617727,5001441,225607,50244,223567,9683,224824,144871
"777",293377,758563,57968,343513,50000,673448,1777527,415627,60627,116583,-46496,71839,55394
"778",294888,555635,12229,145540,46000,704983,687910,63481,25930,-43078,13543,19079,16709
"779",309406,105388,46468,158873,33000,162358,91158,23327,5850,3577,-3504,123071,123071
"780",310092,571516,39180,368127,72000,359573,985449,146871,30258,30445,-17385,-3117,-4792
"781",311837,738278,73940,343839,10000,618873,1271693,96672,10412,175882,-13505,167319,113592
"782",311898,1692372,30160,450399,75000,1548145,6426185,316635,39319,402652,-143761,281283,215745
"783",312516,55154,49144,99273,180000,268098,403919,62842,19589,-2226,-37128,-40580,-40580
"784",313958,237384,30093,312366,10000,60612,387079,114814,72221,57299,-17208,56278,47220
"785",318758,221904,-38776,21452,28000,369156,566809,136136,26335,4992,-47779,4182,2839
"786",319871,125087,15048,88239,24500,149011,783668,299365,64366,46622,-36149,10504,6862
"787",343584,42550,20445,244340,149000,51048,282959,23328,9318,87907,-15492,72414,47304
"788",346475,7822,298,96530,50000,52980,365653,112388,25855,92661,-35975,56214,37818
"789",347882,670707,1598,483390,82000,451525,1712797,144114,19983,58149,-10334,72815,47155
"790",360300,122453,38,45327,52000,51852,1011180,14991,4588,5905,-10351,-580,-580
"791",364695,66250,16368,80040,120000,122813,102186,14393,6396,34626,-33322,12153,12153
"792",384961,689010,18358,467684,225000,580304,2630940,79569,21698,128675,-9124,90468,59613
"793",389630,2311812,326573,977718,300000,1706670,6502885,165418,43204,323623,-11710,299793,212456
"794",392448,453164,129328,602413,78600,206745,658733,127925,90849,184394,-249,182341,127280
"795",415928,582986,26775,367776,655000,469917,2052085,219703,29924,-234691,-4737,0,-239666
"796",418067,361873,173240,564082,200000,96885,543952,123349,3808,209447,6792,216961,143009
"797",418692,514710,33271,152869,25000,605264,1861824,171833,31159,30049,38877,2564,2087
"798",420541,3881788,125173,664250,52516,3601182,6841432,765972,21789,235332,-200310,35022,35022
"799",431274,6385,1682,137468,170000,38901,138135,28123,14151,41076,-30723,10352,8684
"800",448274,1284039,48322,734180,284000,836229,2503513,401360,65850,238135,39408,187752,129704
"801",461513,117369,71646,303403,278023,100068,338949,115252,31843,65309,-40566,19205,10377
"802",471789,1749192,35446,649856,105000,1030290,1900027,212215,59788,83216,-33282,49247,34170
"803",472901,823835,3296,1240894,100000,55842,355809,114519,4467,-41163,33604,27406,17210
"804",480041,1388028,35652,829096,272320,483738,5359376,263110,46761,42683,-69248,254959,250284
"805",495540,937846,55803,584555,155000,681430,2139970,757516,168928,228348,-56677,175412,115855
"806",496875,589319,93166,342002,240000,635221,2901907,414045,58822,48779,-34323,18137,14773
"807",527424,153538,63762,561806,126000,50118,213753,18440,18176,63004,-2416,65272,46488
"808",538817,62134,20050,531708,500000,69761,246591,61300,38683,11073,-5359,5714,3714
"809",567009,793361,222941,967259,150000,372779,2715834,37498,18729,131520,28777,169351,113918
"810",637551,139663,124173,132468,94000,554239,349516,31858,135941,27771,-52302,2470,1605
"811",638494,1335833,497490,1220314,340000,721298,2452911,454464,61106,744375,108058,856268,561311
"812",693382,532057,52421,-460175,50000,1390330,294391,267725,4377,1796,-514,2121,2121
"813",717347,1603477,1675,697201,400000,1285092,3484626,296944,69994,222104,-76394,137108,140758
"814",738553,363647,5384,535548,150000,557403,200677,79031,19825,1599,-7368,1170,883
"815",758872,968509,212348,1061788,680400,664008,2251217,1372449,35006,141038,33270,174919,118182
"816",792219,222106,151547,642349,60000,157050,716395,211631,51775,153038,-17790,128472,83693
"817",801540,217195,68640,217320,150000,98071,987200,139548,4258,46563,1123,48186,31328
"818",802561,221996,22736,313308,11410,154720,543126,117059,9916,12039,-7225,4814,3712
"819",828861,163531,5993,284235,264000,121293,467437,77419,55864,130981,-53602,65842,33488
"820",929949,240732,7764,319252,75000,130280,389181,67675,76502,75346,-89906,61434,39810
"821",937799,751703,639,687760,500010,562120,2104339,505078,109414,272885,-82687,202053,202053
"822",944712,3849479,424501,1671229,250000,3057183,6677418,773365,64264,862586,-47012,743965,433780
"823",1056192,2060604,295406,2385687,400000,666197,7826119,638451,140903,327230,16064,368634,239068
"824",1171886,1158396,3209,357841,930000,910463,1678055,212369,68767,-251798,-59835,-301172,-301172
"825",1179865,1563965,229523,1208083,400000,1409861,3046552,305080,215771,470413,-81434,388979,268796
"826",1192654,398222,15538,201026,150000,669225,1092903,196189,56534,214187,-117350,91528,59493
"827",1273843,219508,167530,408576,55000,280751,685837,216323,108252,61533,-85028,9825,9825
"828",1350875,774006,62632,1616323,60487,489841,2499461,657603,141529,209172,-10828,184402,116138
"829",1518834,2143592,73190,1192320,500000,1992183,1101805,244377,53359,215760,-50907,163964,109971
"830",1761903,3720758,83892,2549395,240000,2404310,9115585,775829,199391,878802,-357071,643512,474666
"831",1956477,213371,45191,1250554,112000,304181,1685663,810960,115725,330227,11820,337251,221033
"832",2229028,2823558,3190,3172220,1100000,1803136,13230758,1213615,302198,574246,-225585,322184,189148
"833",2618281,3056551,10497,2145857,178200,2809802,7340888,840208,265963,666685,-273549,402390,272972
"834",4994098,1070705,33645,3939325,1078677,1627156,8135185,387482,378927,1207056,21537,1267541,873843
